LivePlace,DutyPlace,Diet,Shopping,Amuse,Other
0,,,,,
0,,,,,
0,,,,,
0,,,,,
0,,,,,
0,,,,,
0,,,,,
0,,,,,
0,,,,,
0,,,,,
0,,,,,
0,,,,,
0,,,,,
0,,,,,
0,,,,,
0,,,,,
0,,,,,
0,,,,,
0,,,,,
0,,,,,
0,,,,,
0,,,,,
0,,,,,
1,,,,,
1,,,,,
0,,,,,
0,,,,,
0,,,,,
0,,,,,
0,,,,,
0,,,,,
0,,,,,
0,,,,,
0,,,,,
0,,,,,
0,,,,,
0,,,,,
0,,,,,
0,,,,,
0,,,,,
0,,,,,
0,,,,,
0,,,,,
0,,,,,
0,,,,,
0,,,,,
0,,,,,
0,,,,,
0,,,,,
0,,,,,
0,,,,,
0,,,,,
0,,,,,
0,,,,,
0,,,,,
0,,,,,
0,,,,,
0,,,,,
0,,,,,
0,,,,,
0,,,,,
0,,,,,
0,,,,,
0,,,,,
0,,,,,
0,,,,,
0,,,,,
0,,,,,
0,,,,,
0,,,,,
0,,,,,
0,,,,,
0,,,,,
0,,,,,
0,,,,,
0,,,,,
0,,,,,
0,,,,,
0,,,,,
2,,,,,
2,,,,,
0,,,,,
0,,,,,
0,,,,,
0,,,,,
0,,,,,
0,,,,,
0,,,,,
0,,,,,
0,,,,,
0,,,,,
0,,,,,
0,,,,,
0,,,,,
0,,,,,
0,,,,,
0,,,,,
0,,,,,
0,,,,,
0,,,,,
0,,,,,
0,,,,,
0,,,,,
0,,,,,
0,,,,,
0,,,,,
0,,,,,
0,,,,,
0,,,,,
0,,,,,
0,,,,,
0,,,,,
0,,,,,
0,,,,,
0,,,,,
0,,,,,
0,,,,,
0,,,,,
0,,,,,
0,,,,,
0,,,,,
0,,,,,
0,,,,,
0,,,,,
0,,,,,
0,,,,,
0,,,,,
0,,,,,
0,,,,,
0,,,,,
0,,,,,
0,,,,,
0,,,,,
0,,,,,
0,,,,,
0,,,,,
0,,,,,
0,,,,,
1,,,,,
0,,,,,
1,,,,,
2,,,,,
2,,,,,
0,,,,,
0,,,,,
0,,,,,
0,,,,,
0,,,,,
0,,,,,
0,,,,,
0,,,,,
0,,,,,
0,,,,,
0,,,,,
0,,,,,
0,,,,,
0,,,,,
0,,,,,
0,,,,,
0,,,,,
0,,,,,
0,,,,,
0,,,,,
0,,,,,
0,,,,,
0,,,,,
0,,,,,
0,,,,,
0,,,,,
0,,,,,
0,,,,,
0,,,,,
0,,,,,
0,,,,,
0,,,,,
0,,,,,
0,,,,,
0,,,,,
0,,,,,
0,,,,,
0,,,,,
0,,,,,
0,,,,,
0,,,,,
0,,,,,
0,,,,,
0,,,,,
0,,,,,
0,,,,,
0,,,,,
0,,,,,
0,,,,,
0,,,,,
0,,,,,
0,,,,,
0,,,,,
0,,,,,
0,,,,,
0,,,,,
1,,,,,
3,,,,,
0,,,,,
0,,,,,
0,,,,,
0,,,,,
0,,,,,
0,,,,,
0,,,,,
0,,,,,
0,,,,,
0,,,,,
0,,,,,
1,,,,,
0,,,,,
0,,,,,
0,,,,,
0,,,,,
0,,,,,
0,,,,,
0,,,,,
0,,,,,
0,,,,,
0,,,,,
0,,,,,
0,,,,,
0,,,,,
0,,,,,
0,,,,,
0,,,,,
0,,,,,
0,,,,,
0,,,,,
0,,,,,
0,,,,,
0,,,,,
0,,,,,
0,,,,,
0,,,,,
0,,,,,
0,,,,,
0,,,,,
0,,,,,
0,,,,,
0,,,,,
0,,,,,
0,,,,,
0,,,,,
0,,,,,
0,,,,,
0,,,,,
0,,,,,
0,,,,,
0,,,,,
0,,,,,
0,,,,,
0,,,,,
0,,,,,
0,,,,,
0,,,,,
0,,,,,
0,,,,,
1,,,,,
0,,,,,
0,,,,,
1,,,,,
0,,,,,
0,,,,,
0,,,,,
0,,,,,
0,,,,,
0,,,,,
0,,,,,
0,,,,,
0,,,,,
1,,,,,
0,,,,,
0,,,,,
0,,,,,
0,,,,,
0,,,,,
0,,,,,
0,,,,,
0,,,,,
0,,,,,
0,,,,,
0,,,,,
0,,,,,
0,,,,,
0,,,,,
0,,,,,
0,,,,,
0,,,,,
0,,,,,
0,,,,,
0,,,,,
0,,,,,
0,,,,,
0,,,,,
0,,,,,
0,,,,,
0,,,,,
0,,,,,
0,,,,,
0,,,,,
0,,,,,
0,,,,,
0,,,,,
0,,,,,
0,,,,,
0,,,,,
0,,,,,
0,,,,,
0,,,,,
0,,,,,
0,,,,,
0,,,,,
0,,,,,
0,,,,,
0,,,,,
0,,,,,
0,,,,,
0,,,,,
3,,,,,
1,,,,,
1,,,,,
1,,,,,
2,,,,,
0,,,,,
0,,,,,
0,,,,,
0,,,,,
0,,,,,
0,,,,,
0,,,,,
0,,,,,
0,,,,,
0,,,,,
0,,,,,
0,,,,,
0,,,,,
0,,,,,
0,,,,,
0,,,,,
0,,,,,
0,,,,,
0,,,,,
0,,,,,
0,,,,,
0,,,,,
0,,,,,
0,,,,,
0,,,,,
0,,,,,
0,,,,,
0,,,,,
0,,,,,
0,,,,,
0,,,,,
0,,,,,
0,,,,,
0,,,,,
0,,,,,
0,,,,,
0,,,,,
0,,,,,
0,,,,,
0,,,,,
0,,,,,
0,,,,,
0,,,,,
0,,,,,
0,,,,,
0,,,,,
0,,,,,
0,,,,,
0,,,,,
0,,,,,
0,,,,,
0,,,,,
0,,,,,
0,,,,,
0,,,,,
0,,,,,
0,,,,,
0,,,,,
0,,,,,
0,,,,,
0,,,,,
0,,,,,
1,,,,,
0,,,,,
0,,,,,
0,,,,,
1,,,,,
0,,,,,
0,,,,,
1,,,,,
0,,,,,
1,,,,,
0,,,,,
0,,,,,
0,,,,,
0,,,,,
0,,,,,
0,,,,,
0,,,,,
0,,,,,
0,,,,,
0,,,,,
0,,,,,
0,,,,,
0,,,,,
0,,,,,
0,,,,,
0,,,,,
0,,,,,
0,,,,,
0,,,,,
0,,,,,
0,,,,,
0,,,,,
0,,,,,
0,,,,,
0,,,,,
0,,,,,
0,,,,,
0,,,,,
0,,,,,
0,,,,,
0,,,,,
0,,,,,
0,,,,,
0,,,,,
0,,,,,
0,,,,,
0,,,,,
0,,,,,
0,,,,,
0,,,,,
0,,,,,
0,,,,,
0,,,,,
0,,,,,
0,,,,,
0,,,,,
0,,,,,
0,,,,,
0,,,,,
0,,,,,
0,,,,,
0,,,,,
0,,,,,
0,,,,,
0,,,,,
0,,,,,
0,,,,,
0,,,,,
0,,,,,
0,,,,,
0,,,,,
0,,,,,
0,,,,,
0,,,,,
0,,,,,
0,,,,,
0,,,,,
0,,,,,
0,,,,,
0,,,,,
0,,,,,
0,,,,,
0,,,,,
0,,,,,
0,,,,,
0,,,,,
0,,,,,
0,,,,,
0,,,,,
0,,,,,
0,,,,,
0,,,,,
0,,,,,
0,,,,,
0,,,,,
0,,,,,
0,,,,,
0,,,,,
0,,,,,
0,,,,,
0,,,,,
0,,,,,
0,,,,,
0,,,,,
0,,,,,
0,,,,,
0,,,,,
0,,,,,
0,,,,,
0,,,,,
0,,,,,
0,,,,,
0,,,,,
0,,,,,
0,,,,,
0,,,,,
0,,,,,
0,,,,,
0,,,,,
0,,,,,
1,,,,,
0,,,,,
0,,,,,
0,,,,,
0,,,,,
0,,,,,
0,,,,,
0,,,,,
0,,,,,
0,,,,,
0,,,,,
1,,,,,
0,,,,,
0,,,,,
0,,,,,
0,,,,,
0,,,,,
0,,,,,
0,,,,,
0,,,,,
0,,,,,
0,,,,,
0,,,,,
0,,,,,
0,,,,,
0,,,,,
0,,,,,
0,,,,,
1,,,,,
0,,,,,
0,,,,,
0,,,,,
0,,,,,
0,,,,,
0,,,,,
0,,,,,
0,,,,,
0,,,,,
0,,,,,
0,,,,,
0,,,,,
0,,,,,
0,,,,,
0,,,,,
0,,,,,
0,,,,,
0,,,,,
0,,,,,
0,,,,,
0,,,,,
0,,,,,
0,,,,,
0,,,,,
0,,,,,
0,,,,,
0,,,,,
0,,,,,
0,,,,,
0,,,,,
0,,,,,
0,,,,,
0,,,,,
0,,,,,
0,,,,,
0,,,,,
0,,,,,
0,,,,,
0,,,,,
0,,,,,
0,,,,,
0,,,,,
0,,,,,
0,,,,,
0,,,,,
3,,,,,
2,,,,,
0,,,,,
0,,,,,
0,,,,,
0,,,,,
0,,,,,
0,,,,,
0,,,,,
0,,,,,
0,,,,,
0,,,,,
0,,,,,
0,,,,,
1,,,,,
1,,,,,
0,,,,,
0,,,,,
0,,,,,
0,,,,,
0,,,,,
0,,,,,
0,,,,,
0,,,,,
0,,,,,
0,,,,,
0,,,,,
0,,,,,
0,,,,,
0,,,,,
0,,,,,
0,,,,,
0,,,,,
0,,,,,
0,,,,,
0,,,,,
0,,,,,
0,,,,,
0,,,,,
0,,,,,
0,,,,,
0,,,,,
0,,,,,
0,,,,,
0,,,,,
0,,,,,
0,,,,,
0,,,,,
0,,,,,
0,,,,,
0,,,,,
0,,,,,
0,,,,,
0,,,,,
0,,,,,
1,,,,,
0,,,,,
0,,,,,
0,,,,,
1,,,,,
1,,,,,
1,,,,,
3,,,,,
1,,,,,
0,,,,,
0,,,,,
0,,,,,
0,,,,,
0,,,,,
0,,,,,
0,,,,,
0,,,,,
0,,,,,
0,,,,,
0,,,,,
0,,,,,
0,,,,,
0,,,,,
0,,,,,
0,,,,,
0,,,,,
0,,,,,
0,,,,,
0,,,,,
0,,,,,
0,,,,,
0,,,,,
0,,,,,
0,,,,,
0,,,,,
0,,,,,
0,,,,,
0,,,,,
0,,,,,
0,,,,,
0,,,,,
0,,,,,
0,,,,,
0,,,,,
0,,,,,
0,,,,,
0,,,,,
0,,,,,
0,,,,,
0,,,,,
0,,,,,
0,,,,,
0,,,,,
0,,,,,
0,,,,,
0,,,,,
0,,,,,
0,,,,,
0,,,,,
0,,,,,
0,,,,,
0,,,,,
0,,,,,
0,,,,,
0,,,,,
3,,,,,
0,,,,,
0,,,,,
1,,,,,
2,,,,,
3,,,,,
0,,,,,
0,,,,,
0,,,,,
0,,,,,
0,,,,,
0,,,,,
0,,,,,
0,,,,,
0,,,,,
0,,,,,
0,,,,,
0,,,,,
0,,,,,
0,,,,,
0,,,,,
0,,,,,
0,,,,,
0,,,,,
0,,,,,
0,,,,,
0,,,,,
0,,,,,
0,,,,,
0,,,,,
0,,,,,
0,,,,,
0,,,,,
0,,,,,
0,,,,,
0,,,,,
0,,,,,
0,,,,,
0,,,,,
0,,,,,
0,,,,,
0,,,,,
0,,,,,
0,,,,,
0,,,,,
0,,,,,
0,,,,,
0,,,,,
0,,,,,
0,,,,,
0,,,,,
0,,,,,
0,,,,,
0,,,,,
0,,,,,
0,,,,,
0,,,,,
0,,,,,
0,,,,,
0,,,,,
0,,,,,
0,,,,,
2,,,,,
1,,,,,
0,,,,,
2,,,,,
5,,,,,
2,,,,,
0,,,,,
0,,,,,
0,,,,,
0,,,,,
0,,,,,
0,,,,,
0,,,,,
0,,,,,
0,,,,,
0,,,,,
0,,,,,
0,,,,,
0,,,,,
0,,,,,
0,,,,,
0,,,,,
0,,,,,
0,,,,,
0,,,,,
0,,,,,
0,,,,,
0,,,,,
0,,,,,
0,,,,,
0,,,,,
0,,,,,
0,,,,,
0,,,,,
0,,,,,
0,,,,,
0,,,,,
0,,,,,
0,,,,,
0,,,,,
0,,,,,
0,,,,,
0,,,,,
0,,,,,
0,,,,,
0,,,,,
0,,,,,
0,,,,,
0,,,,,
0,,,,,
0,,,,,
0,,,,,
0,,,,,
0,,,,,
0,,,,,
0,,,,,
0,,,,,
0,,,,,
0,,,,,
0,,,,,
0,,,,,
0,,,,,
0,,,,,
0,,,,,
1,,,,,
2,,,,,
8,,,,,
2,,,,,
0,,,,,
0,,,,,
0,,,,,
0,,,,,
0,,,,,
0,,,,,
0,,,,,
0,,,,,
0,,,,,
0,,,,,
0,,,,,
0,,,,,
0,,,,,
0,,,,,
0,,,,,
0,,,,,
0,,,,,
0,,,,,
0,,,,,
0,,,,,
0,,,,,
0,,,,,
0,,,,,
0,,,,,
0,,,,,
0,,,,,
0,,,,,
0,,,,,
0,,,,,
0,,,,,
0,,,,,
0,,,,,
0,,,,,
0,,,,,
0,,,,,
0,,,,,
0,,,,,
0,,,,,
0,,,,,
0,,,,,
0,,,,,
0,,,,,
0,,,,,
0,,,,,
0,,,,,
0,,,,,
0,,,,,
0,,,,,
0,,,,,
0,,,,,
0,,,,,
0,,,,,
0,,,,,
0,,,,,
0,,,,,
0,,,,,
0,,,,,
0,,,,,
1,,,,,
6,,,,,
6,,,,,
2,,,,,
0,,,,,
0,,,,,
0,,,,,
0,,,,,
0,,,,,
0,,,,,
0,,,,,
0,,,,,
0,,,,,
0,,,,,
0,,,,,
0,,,,,
0,,,,,
0,,,,,
0,,,,,
0,,,,,
0,,,,,
0,,,,,
0,,,,,
0,,,,,
0,,,,,
0,,,,,
0,,,,,
0,,,,,
0,,,,,
0,,,,,
0,,,,,
0,,,,,
0,,,,,
0,,,,,
0,,,,,
0,,,,,
0,,,,,
0,,,,,
0,,,,,
0,,,,,
0,,,,,
0,,,,,
0,,,,,
0,,,,,
0,,,,,
0,,,,,
0,,,,,
0,,,,,
0,,,,,
0,,,,,
0,,,,,
0,,,,,
0,,,,,
0,,,,,
0,,,,,
0,,,,,
0,,,,,
0,,,,,
0,,,,,
0,,,,,
0,,,,,
3,,,,,
2,,,,,
1,,,,,
3,,,,,
1,,,,,
0,,,,,
0,,,,,
0,,,,,
0,,,,,
0,,,,,
0,,,,,
0,,,,,
0,,,,,
0,,,,,
0,,,,,
0,,,,,
0,,,,,
0,,,,,
0,,,,,
0,,,,,
0,,,,,
0,,,,,
0,,,,,
0,,,,,
0,,,,,
0,,,,,
0,,,,,
0,,,,,
0,,,,,
0,,,,,
0,,,,,
0,,,,,
0,,,,,
0,,,,,
0,,,,,
0,,,,,
0,,,,,
0,,,,,
0,,,,,
0,,,,,
0,,,,,
0,,,,,
0,,,,,
0,,,,,
0,,,,,
0,,,,,
0,,,,,
0,,,,,
0,,,,,
0,,,,,
0,,,,,
0,,,,,
0,,,,,
0,,,,,
0,,,,,
0,,,,,
0,,,,,
0,,,,,
0,,,,,
0,,,,,
0,,,,,
1,,,,,
6,,,,,
4,,,,,
4,,,,,
9,,,,,
3,,,,,
0,,,,,
0,,,,,
0,,,,,
0,,,,,
0,,,,,
0,,,,,
0,,,,,
0,,,,,
0,,,,,
0,,,,,
0,,,,,
0,,,,,
0,,,,,
0,,,,,
0,,,,,
0,,,,,
0,,,,,
0,,,,,
0,,,,,
0,,,,,
0,,,,,
0,,,,,
0,,,,,
0,,,,,
0,,,,,
0,,,,,
0,,,,,
0,,,,,
0,,,,,
0,,,,,
0,,,,,
0,,,,,
0,,,,,
0,,,,,
0,,,,,
0,,,,,
0,,,,,
0,,,,,
0,,,,,
0,,,,,
0,,,,,
0,,,,,
0,,,,,
0,,,,,
0,,,,,
0,,,,,
0,,,,,
0,,,,,
0,,,,,
0,,,,,
0,,,,,
0,,,,,
0,,,,,
0,,,,,
0,,,,,
1,,,,,
2,,,,,
0,,,,,
1,,,,,
0,,,,,
1,,,,,
0,,,,,
0,,,,,
0,,,,,
0,,,,,
0,,,,,
0,,,,,
0,,,,,
0,,,,,
0,,,,,
0,,,,,
0,,,,,
0,,,,,
0,,,,,
0,,,,,
0,,,,,
1,,,,,
0,,,,,
0,,,,,
0,,,,,
0,,,,,
0,,,,,
0,,,,,
0,,,,,
0,,,,,
0,,,,,
0,,,,,
0,,,,,
0,,,,,
0,,,,,
0,,,,,
0,,,,,
0,,,,,
0,,,,,
0,,,,,
0,,,,,
0,,,,,
0,,,,,
0,,,,,
0,,,,,
0,,,,,
0,,,,,
0,,,,,
0,,,,,
0,,,,,
0,,,,,
0,,,,,
0,,,,,
0,,,,,
0,,,,,
0,,,,,
0,,,,,
0,,,,,
0,,,,,
0,,,,,
0,,,,,
0,,,,,
0,,,,,
1,,,,,
0,,,,,
0,,,,,
10,,,,,
1,,,,,
0,,,,,
0,,,,,
0,,,,,
0,,,,,
0,,,,,
0,,,,,
0,,,,,
0,,,,,
0,,,,,
0,,,,,
0,,,,,
0,,,,,
0,,,,,
0,,,,,
0,,,,,
0,,,,,
0,,,,,
0,,,,,
0,,,,,
0,,,,,
0,,,,,
0,,,,,
0,,,,,
0,,,,,
0,,,,,
0,,,,,
0,,,,,
0,,,,,
0,,,,,
0,,,,,
0,,,,,
0,,,,,
0,,,,,
0,,,,,
0,,,,,
0,,,,,
0,,,,,
0,,,,,
0,,,,,
0,,,,,
0,,,,,
0,,,,,
0,,,,,
0,,,,,
0,,,,,
0,,,,,
0,,,,,
0,,,,,
0,,,,,
0,,,,,
0,,,,,
0,,,,,
0,,,,,
0,,,,,
0,,,,,
0,,,,,
0,,,,,
1,,,,,
1,,,,,
0,,,,,
0,,,,,
1,,,,,
0,,,,,
0,,,,,
0,,,,,
0,,,,,
0,,,,,
0,,,,,
2,,,,,
0,,,,,
0,,,,,
0,,,,,
0,,,,,
0,,,,,
0,,,,,
0,,,,,
0,,,,,
0,,,,,
0,,,,,
0,,,,,
0,,,,,
0,,,,,
0,,,,,
0,,,,,
0,,,,,
0,,,,,
0,,,,,
0,,,,,
0,,,,,
0,,,,,
0,,,,,
0,,,,,
0,,,,,
0,,,,,
0,,,,,
0,,,,,
0,,,,,
0,,,,,
0,,,,,
0,,,,,
0,,,,,
0,,,,,
0,,,,,
0,,,,,
0,,,,,
0,,,,,
0,,,,,
0,,,,,
0,,,,,
0,,,,,
0,,,,,
0,,,,,
0,,,,,
0,,,,,
0,,,,,
0,,,,,
0,,,,,
0,,,,,
0,,,,,
0,,,,,
0,,,,,
1,,,,,
5,,,,,
0,,,,,
0,,,,,
0,,,,,
0,,,,,
0,,,,,
0,,,,,
0,,,,,
0,,,,,
0,,,,,
0,,,,,
0,,,,,
0,,,,,
0,,,,,
0,,,,,
0,,,,,
0,,,,,
0,,,,,
0,,,,,
0,,,,,
0,,,,,
0,,,,,
0,,,,,
0,,,,,
0,,,,,
0,,,,,
0,,,,,
0,,,,,
0,,,,,
0,,,,,
0,,,,,
0,,,,,
0,,,,,
0,,,,,
0,,,,,
0,,,,,
0,,,,,
0,,,,,
0,,,,,
0,,,,,
0,,,,,
0,,,,,
0,,,,,
0,,,,,
0,,,,,
0,,,,,
0,,,,,
0,,,,,
0,,,,,
0,,,,,
1,,,,,
0,,,,,
0,,,,,
0,,,,,
0,,,,,
0,,,,,
0,,,,,
0,,,,,
0,,,,,
0,,,,,
0,,,,,
8,,,,,
1,,,,,
0,,,,,
0,,,,,
0,,,,,
0,,,,,
0,,,,,
0,,,,,
0,,,,,
0,,,,,
0,,,,,
0,,,,,
0,,,,,
0,,,,,
0,,,,,
0,,,,,
0,,,,,
0,,,,,
0,,,,,
0,,,,,
0,,,,,
0,,,,,
0,,,,,
0,,,,,
0,,,,,
0,,,,,
0,,,,,
0,,,,,
0,,,,,
0,,,,,
0,,,,,
0,,,,,
0,,,,,
0,,,,,
0,,,,,
0,,,,,
0,,,,,
0,,,,,
0,,,,,
0,,,,,
0,,,,,
0,,,,,
0,,,,,
0,,,,,
0,,,,,
0,,,,,
0,,,,,
0,,,,,
0,,,,,
0,,,,,
0,,,,,
0,,,,,
0,,,,,
0,,,,,
0,,,,,
0,,,,,
0,,,,,
0,,,,,
0,,,,,
0,,,,,
0,,,,,
0,,,,,
1,,,,,
0,,,,,
0,,,,,
0,,,,,
0,,,,,
0,,,,,
0,,,,,
0,,,,,
0,,,,,
0,,,,,
0,,,,,
0,,,,,
0,,,,,
0,,,,,
0,,,,,
0,,,,,
0,,,,,
0,,,,,
0,,,,,
0,,,,,
0,,,,,
0,,,,,
0,,,,,
0,,,,,
0,,,,,
0,,,,,
0,,,,,
0,,,,,
0,,,,,
0,,,,,
0,,,,,
0,,,,,
0,,,,,
0,,,,,
0,,,,,
0,,,,,
0,,,,,
0,,,,,
0,,,,,
0,,,,,
0,,,,,
0,,,,,
0,,,,,
0,,,,,
0,,,,,
0,,,,,
0,,,,,
0,,,,,
0,,,,,
0,,,,,
0,,,,,
0,,,,,
0,,,,,
0,,,,,
0,,,,,
0,,,,,
0,,,,,
0,,,,,
0,,,,,
0,,,,,
0,,,,,
0,,,,,
0,,,,,
0,,,,,
1,,,,,
0,,,,,
0,,,,,
0,,,,,
0,,,,,
0,,,,,
0,,,,,
0,,,,,
0,,,,,
0,,,,,
0,,,,,
0,,,,,
0,,,,,
0,,,,,
0,,,,,
1,,,,,
0,,,,,
0,,,,,
0,,,,,
0,,,,,
0,,,,,
0,,,,,
0,,,,,
0,,,,,
0,,,,,
0,,,,,
0,,,,,
0,,,,,
0,,,,,
0,,,,,
0,,,,,
0,,,,,
0,,,,,
0,,,,,
0,,,,,
0,,,,,
0,,,,,
0,,,,,
0,,,,,
0,,,,,
0,,,,,
0,,,,,
0,,,,,
0,,,,,
0,,,,,
0,,,,,
0,,,,,
0,,,,,
0,,,,,
0,,,,,
0,,,,,
0,,,,,
0,,,,,
1,,,,,
0,,,,,
0,,,,,
0,,,,,
0,,,,,
0,,,,,
0,,,,,
1,,,,,
0,,,,,
0,,,,,
0,,,,,
0,,,,,
0,,,,,
0,,,,,
0,,,,,
0,,,,,
0,,,,,
0,,,,,
0,,,,,
0,,,,,
0,,,,,
0,,,,,
0,,,,,
0,,,,,
1,,,,,
1,,,,,
0,,,,,
0,,,,,
0,,,,,
0,,,,,
0,,,,,
0,,,,,
0,,,,,
0,,,,,
0,,,,,
0,,,,,
0,,,,,
0,,,,,
0,,,,,
0,,,,,
0,,,,,
0,,,,,
0,,,,,
0,,,,,
0,,,,,
0,,,,,
0,,,,,
0,,,,,
0,,,,,
0,,,,,
0,,,,,
0,,,,,
0,,,,,
0,,,,,
0,,,,,
0,,,,,
0,,,,,
0,,,,,
0,,,,,
0,,,,,
0,,,,,
0,,,,,
0,,,,,
0,,,,,
0,,,,,
0,,,,,
0,,,,,
0,,,,,
0,,,,,
0,,,,,
0,,,,,
0,,,,,
0,,,,,
0,,,,,
0,,,,,
0,,,,,
0,,,,,
0,,,,,
0,,,,,
0,,,,,
0,,,,,
0,,,,,
0,,,,,
0,,,,,
0,,,,,
0,,,,,
0,,,,,
0,,,,,
0,,,,,
0,,,,,
0,,,,,
0,,,,,
0,,,,,
0,,,,,
0,,,,,
0,,,,,
0,,,,,
0,,,,,
0,,,,,
0,,,,,
0,,,,,
0,,,,,
0,,,,,
0,,,,,
0,,,,,
0,,,,,
0,,,,,
0,,,,,
0,,,,,
0,,,,,
0,,,,,
0,,,,,
0,,,,,
0,,,,,
0,,,,,
0,,,,,
0,,,,,
0,,,,,
0,,,,,
0,,,,,
0,,,,,
0,,,,,
0,,,,,
0,,,,,
0,,,,,
0,,,,,
1,,,,,
0,,,,,
0,,,,,
0,,,,,
0,,,,,
0,,,,,
0,,,,,
0,,,,,
0,,,,,
0,,,,,
0,,,,,
0,,,,,
0,,,,,
0,,,,,
0,,,,,
0,,,,,
3,,,,,
0,,,,,
0,,,,,
0,,,,,
0,,,,,
3,,,,,
0,,,,,
0,,,,,
0,,,,,
0,,,,,
0,,,,,
0,,,,,
0,,,,,
0,,,,,
0,,,,,
0,,,,,
0,,,,,
1,,,,,
0,,,,,
0,,,,,
0,,,,,
0,,,,,
0,,,,,
0,,,,,
0,,,,,
0,,,,,
0,,,,,
0,,,,,
0,,,,,
0,,,,,
0,,,,,
0,,,,,
0,,,,,
0,,,,,
0,,,,,
0,,,,,
0,,,,,
0,,,,,
0,,,,,
0,,,,,
0,,,,,
0,,,,,
0,,,,,
2,,,,,
0,,,,,
0,,,,,
0,,,,,
0,,,,,
0,,,,,
0,,,,,
1,,,,,
0,,,,,
1,,,,,
0,,,,,
0,,,,,
0,,,,,
0,,,,,
0,,,,,
0,,,,,
0,,,,,
0,,,,,
1,,,,,
0,,,,,
0,,,,,
0,,,,,
0,,,,,
0,,,,,
0,,,,,
0,,,,,
0,,,,,
0,,,,,
0,,,,,
0,,,,,
0,,,,,
0,,,,,
0,,,,,
0,,,,,
0,,,,,
0,,,,,
0,,,,,
0,,,,,
0,,,,,
0,,,,,
0,,,,,
0,,,,,
0,,,,,
0,,,,,
0,,,,,
0,,,,,
0,,,,,
0,,,,,
0,,,,,
0,,,,,
0,,,,,
0,,,,,
0,,,,,
0,,,,,
0,,,,,
0,,,,,
0,,,,,
0,,,,,
0,,,,,
0,,,,,
0,,,,,
0,,,,,
0,,,,,
1,,,,,
0,,,,,
0,,,,,
0,,,,,
0,,,,,
1,,,,,
0,,,,,
0,,,,,
0,,,,,
0,,,,,
0,,,,,
0,,,,,
0,,,,,
0,,,,,
0,,,,,
1,,,,,
0,,,,,
0,,,,,
0,,,,,
0,,,,,
0,,,,,
0,,,,,
0,,,,,
0,,,,,
0,,,,,
0,,,,,
0,,,,,
0,,,,,
0,,,,,
0,,,,,
0,,,,,
0,,,,,
0,,,,,
0,,,,,
0,,,,,
0,,,,,
0,,,,,
0,,,,,
0,,,,,
0,,,,,
0,,,,,
0,,,,,
0,,,,,
0,,,,,
0,,,,,
0,,,,,
0,,,,,
0,,,,,
0,,,,,
0,,,,,
0,,,,,
0,,,,,
0,,,,,
0,,,,,
0,,,,,
0,,,,,
0,,,,,
0,,,,,
0,,,,,
0,,,,,
0,,,,,
0,,,,,
0,,,,,
0,,,,,
0,,,,,
0,,,,,
0,,,,,
0,,,,,
1,,,,,
1,,,,,
0,,,,,
2,,,,,
0,,,,,
0,,,,,
1,,,,,
2,,,,,
0,,,,,
1,,,,,
0,,,,,
3,,,,,
0,,,,,
0,,,,,
0,,,,,
0,,,,,
0,,,,,
0,,,,,
0,,,,,
0,,,,,
0,,,,,
0,,,,,
0,,,,,
0,,,,,
0,,,,,
0,,,,,
0,,,,,
0,,,,,
0,,,,,
0,,,,,
0,,,,,
0,,,,,
0,,,,,
0,,,,,
0,,,,,
0,,,,,
0,,,,,
0,,,,,
0,,,,,
0,,,,,
0,,,,,
0,,,,,
0,,,,,
0,,,,,
0,,,,,
0,,,,,
0,,,,,
0,,,,,
0,,,,,
0,,,,,
0,,,,,
0,,,,,
0,,,,,
0,,,,,
0,,,,,
0,,,,,
0,,,,,
0,,,,,
0,,,,,
0,,,,,
0,,,,,
0,,,,,
0,,,,,
0,,,,,
0,,,,,
1,,,,,
8,,,,,
0,,,,,
0,,,,,
8,,,,,
2,,,,,
0,,,,,
0,,,,,
1,,,,,
0,,,,,
0,,,,,
0,,,,,
0,,,,,
0,,,,,
1,,,,,
0,,,,,
0,,,,,
0,,,,,
0,,,,,
0,,,,,
0,,,,,
0,,,,,
0,,,,,
0,,,,,
0,,,,,
0,,,,,
0,,,,,
0,,,,,
0,,,,,
0,,,,,
0,,,,,
0,,,,,
0,,,,,
0,,,,,
0,,,,,
0,,,,,
0,,,,,
0,,,,,
0,,,,,
0,,,,,
0,,,,,
0,,,,,
0,,,,,
0,,,,,
0,,,,,
0,,,,,
0,,,,,
0,,,,,
0,,,,,
0,,,,,
0,,,,,
0,,,,,
0,,,,,
0,,,,,
0,,,,,
0,,,,,
0,,,,,
1,,,,,
0,,,,,
0,,,,,
0,,,,,
0,,,,,
4,,,,,
8,,,,,
2,,,,,
0,,,,,
4,,,,,
5,,,,,
2,,,,,
4,,,,,
0,,,,,
1,,,,,
1,,,,,
0,,,,,
0,,,,,
1,,,,,
0,,,,,
0,,,,,
0,,,,,
0,,,,,
0,,,,,
0,,,,,
0,,,,,
0,,,,,
0,,,,,
0,,,,,
0,,,,,
0,,,,,
0,,,,,
0,,,,,
0,,,,,
0,,,,,
0,,,,,
0,,,,,
0,,,,,
0,,,,,
0,,,,,
0,,,,,
0,,,,,
0,,,,,
0,,,,,
0,,,,,
0,,,,,
0,,,,,
0,,,,,
0,,,,,
0,,,,,
0,,,,,
0,,,,,
0,,,,,
0,,,,,
0,,,,,
0,,,,,
0,,,,,
0,,,,,
0,,,,,
0,,,,,
0,,,,,
0,,,,,
0,,,,,
0,,,,,
0,,,,,
0,,,,,
0,,,,,
2,,,,,
0,,,,,
2,,,,,
5,,,,,
9,,,,,
13,,,,,
10,,,,,
5,,,,,
1,,,,,
3,,,,,
0,,,,,
0,,,,,
0,,,,,
4,,,,,
0,,,,,
0,,,,,
0,,,,,
0,,,,,
0,,,,,
0,,,,,
0,,,,,
0,,,,,
0,,,,,
0,,,,,
0,,,,,
0,,,,,
0,,,,,
0,,,,,
0,,,,,
0,,,,,
0,,,,,
0,,,,,
0,,,,,
0,,,,,
0,,,,,
0,,,,,
0,,,,,
0,,,,,
0,,,,,
0,,,,,
0,,,,,
0,,,,,
0,,,,,
0,,,,,
0,,,,,
0,,,,,
0,,,,,
0,,,,,
0,,,,,
0,,,,,
0,,,,,
0,,,,,
0,,,,,
0,,,,,
0,,,,,
0,,,,,
0,,,,,
0,,,,,
0,,,,,
0,,,,,
0,,,,,
2,,,,,
4,,,,,
1,,,,,
0,,,,,
1,,,,,
6,,,,,
9,,,,,
6,,,,,
6,,,,,
3,,,,,
0,,,,,
0,,,,,
0,,,,,
0,,,,,
2,,,,,
0,,,,,
0,,,,,
0,,,,,
0,,,,,
0,,,,,
0,,,,,
0,,,,,
0,,,,,
1,,,,,
0,,,,,
0,,,,,
0,,,,,
0,,,,,
0,,,,,
0,,,,,
0,,,,,
0,,,,,
0,,,,,
0,,,,,
0,,,,,
0,,,,,
0,,,,,
0,,,,,
0,,,,,
0,,,,,
0,,,,,
0,,,,,
0,,,,,
0,,,,,
0,,,,,
0,,,,,
0,,,,,
0,,,,,
0,,,,,
0,,,,,
0,,,,,
0,,,,,
0,,,,,
0,,,,,
0,,,,,
0,,,,,
0,,,,,
0,,,,,
0,,,,,
0,,,,,
0,,,,,
0,,,,,
0,,,,,
1,,,,,
0,,,,,
3,,,,,
3,,,,,
2,,,,,
8,,,,,
18,,,,,
3,,,,,
4,,,,,
1,,,,,
3,,,,,
0,,,,,
0,,,,,
0,,,,,
0,,,,,
0,,,,,
0,,,,,
0,,,,,
0,,,,,
0,,,,,
0,,,,,
2,,,,,
0,,,,,
0,,,,,
0,,,,,
0,,,,,
0,,,,,
0,,,,,
0,,,,,
0,,,,,
0,,,,,
0,,,,,
0,,,,,
0,,,,,
0,,,,,
0,,,,,
0,,,,,
0,,,,,
0,,,,,
0,,,,,
0,,,,,
0,,,,,
0,,,,,
0,,,,,
0,,,,,
0,,,,,
0,,,,,
0,,,,,
0,,,,,
0,,,,,
0,,,,,
0,,,,,
0,,,,,
0,,,,,
0,,,,,
0,,,,,
0,,,,,
0,,,,,
0,,,,,
0,,,,,
0,,,,,
0,,,,,
3,,,,,
4,,,,,
0,,,,,
2,,,,,
3,,,,,
2,,,,,
13,,,,,
28,,,,,
3,,,,,
0,,,,,
1,,,,,
0,,,,,
0,,,,,
0,,,,,
0,,,,,
0,,,,,
0,,,,,
0,,,,,
0,,,,,
0,,,,,
0,,,,,
0,,,,,
0,,,,,
0,,,,,
0,,,,,
0,,,,,
0,,,,,
0,,,,,
0,,,,,
0,,,,,
0,,,,,
0,,,,,
0,,,,,
0,,,,,
0,,,,,
0,,,,,
0,,,,,
0,,,,,
0,,,,,
0,,,,,
0,,,,,
0,,,,,
0,,,,,
0,,,,,
0,,,,,
0,,,,,
0,,,,,
0,,,,,
0,,,,,
0,,,,,
0,,,,,
0,,,,,
0,,,,,
0,,,,,
0,,,,,
0,,,,,
0,,,,,
0,,,,,
0,,,,,
0,,,,,
0,,,,,
0,,,,,
1,,,,,
3,,,,,
2,,,,,
1,,,,,
1,,,,,
1,,,,,
4,,,,,
5,,,,,
5,,,,,
0,,,,,
0,,,,,
0,,,,,
0,,,,,
0,,,,,
0,,,,,
0,,,,,
0,,,,,
0,,,,,
0,,,,,
0,,,,,
0,,,,,
0,,,,,
0,,,,,
0,,,,,
0,,,,,
1,,,,,
1,,,,,
0,,,,,
0,,,,,
0,,,,,
0,,,,,
0,,,,,
0,,,,,
0,,,,,
0,,,,,
0,,,,,
0,,,,,
0,,,,,
0,,,,,
0,,,,,
0,,,,,
0,,,,,
0,,,,,
0,,,,,
0,,,,,
0,,,,,
0,,,,,
0,,,,,
0,,,,,
0,,,,,
0,,,,,
0,,,,,
0,,,,,
0,,,,,
0,,,,,
0,,,,,
0,,,,,
0,,,,,
0,,,,,
0,,,,,
0,,,,,
0,,,,,
0,,,,,
0,,,,,
0,,,,,
4,,,,,
0,,,,,
2,,,,,
0,,,,,
3,,,,,
1,,,,,
0,,,,,
0,,,,,
0,,,,,
0,,,,,
0,,,,,
0,,,,,
0,,,,,
0,,,,,
0,,,,,
0,,,,,
0,,,,,
0,,,,,
0,,,,,
0,,,,,
0,,,,,
0,,,,,
0,,,,,
0,,,,,
0,,,,,
0,,,,,
0,,,,,
0,,,,,
0,,,,,
0,,,,,
0,,,,,
0,,,,,
0,,,,,
0,,,,,
0,,,,,
0,,,,,
0,,,,,
0,,,,,
0,,,,,
0,,,,,
0,,,,,
0,,,,,
0,,,,,
0,,,,,
0,,,,,
0,,,,,
0,,,,,
0,,,,,
0,,,,,
0,,,,,
0,,,,,
0,,,,,
0,,,,,
0,,,,,
0,,,,,
0,,,,,
0,,,,,
0,,,,,
0,,,,,
1,,,,,
0,,,,,
1,,,,,
0,,,,,
1,,,,,
25,,,,,
14,,,,,
5,,,,,
1,,,,,
0,,,,,
1,,,,,
0,,,,,
0,,,,,
0,,,,,
0,,,,,
0,,,,,
0,,,,,
0,,,,,
0,,,,,
0,,,,,
0,,,,,
0,,,,,
0,,,,,
0,,,,,
0,,,,,
0,,,,,
0,,,,,
0,,,,,
0,,,,,
0,,,,,
0,,,,,
0,,,,,
0,,,,,
0,,,,,
0,,,,,
0,,,,,
0,,,,,
0,,,,,
0,,,,,
0,,,,,
0,,,,,
0,,,,,
0,,,,,
0,,,,,
0,,,,,
0,,,,,
0,,,,,
0,,,,,
0,,,,,
0,,,,,
0,,,,,
0,,,,,
0,,,,,
0,,,,,
0,,,,,
0,,,,,
0,,,,,
0,,,,,
0,,,,,
0,,,,,
0,,,,,
0,,,,,
0,,,,,
2,,,,,
9,,,,,
1,,,,,
0,,,,,
2,,,,,
12,,,,,
12,,,,,
3,,,,,
0,,,,,
0,,,,,
0,,,,,
0,,,,,
2,,,,,
0,,,,,
0,,,,,
0,,,,,
0,,,,,
0,,,,,
0,,,,,
1,,,,,
0,,,,,
1,,,,,
0,,,,,
0,,,,,
0,,,,,
1,,,,,
0,,,,,
0,,,,,
0,,,,,
0,,,,,
0,,,,,
0,,,,,
0,,,,,
0,,,,,
0,,,,,
0,,,,,
0,,,,,
0,,,,,
0,,,,,
0,,,,,
0,,,,,
0,,,,,
0,,,,,
0,,,,,
0,,,,,
0,,,,,
0,,,,,
0,,,,,
0,,,,,
0,,,,,
0,,,,,
0,,,,,
0,,,,,
0,,,,,
0,,,,,
0,,,,,
0,,,,,
0,,,,,
0,,,,,
0,,,,,
0,,,,,
0,,,,,
3,,,,,
1,,,,,
8,,,,,
0,,,,,
3,,,,,
4,,,,,
21,,,,,
3,,,,,
5,,,,,
2,,,,,
0,,,,,
0,,,,,
0,,,,,
0,,,,,
0,,,,,
0,,,,,
0,,,,,
0,,,,,
0,,,,,
0,,,,,
2,,,,,
1,,,,,
0,,,,,
0,,,,,
2,,,,,
0,,,,,
0,,,,,
0,,,,,
0,,,,,
0,,,,,
0,,,,,
0,,,,,
0,,,,,
0,,,,,
0,,,,,
0,,,,,
0,,,,,
0,,,,,
0,,,,,
0,,,,,
0,,,,,
0,,,,,
0,,,,,
0,,,,,
0,,,,,
0,,,,,
0,,,,,
0,,,,,
0,,,,,
0,,,,,
0,,,,,
0,,,,,
0,,,,,
0,,,,,
0,,,,,
0,,,,,
0,,,,,
1,,,,,
0,,,,,
0,,,,,
0,,,,,
1,,,,,
6,,,,,
37,,,,,
3,,,,,
14,,,,,
24,,,,,
17,,,,,
11,,,,,
10,,,,,
8,,,,,
0,,,,,
0,,,,,
2,,,,,
0,,,,,
4,,,,,
0,,,,,
0,,,,,
0,,,,,
0,,,,,
0,,,,,
0,,,,,
7,,,,,
2,,,,,
0,,,,,
0,,,,,
0,,,,,
0,,,,,
0,,,,,
0,,,,,
0,,,,,
0,,,,,
0,,,,,
0,,,,,
0,,,,,
0,,,,,
0,,,,,
0,,,,,
0,,,,,
0,,,,,
0,,,,,
0,,,,,
0,,,,,
0,,,,,
0,,,,,
0,,,,,
0,,,,,
0,,,,,
0,,,,,
0,,,,,
0,,,,,
0,,,,,
0,,,,,
0,,,,,
0,,,,,
0,,,,,
0,,,,,
0,,,,,
1,,,,,
4,,,,,
3,,,,,
0,,,,,
3,,,,,
0,,,,,
1,,,,,
3,,,,,
5,,,,,
6,,,,,
6,,,,,
8,,,,,
15,,,,,
4,,,,,
1,,,,,
2,,,,,
9,,,,,
2,,,,,
0,,,,,
3,,,,,
0,,,,,
0,,,,,
2,,,,,
0,,,,,
0,,,,,
1,,,,,
0,,,,,
0,,,,,
1,,,,,
0,,,,,
0,,,,,
0,,,,,
0,,,,,
0,,,,,
0,,,,,
0,,,,,
0,,,,,
0,,,,,
0,,,,,
0,,,,,
0,,,,,
0,,,,,
0,,,,,
0,,,,,
0,,,,,
0,,,,,
0,,,,,
0,,,,,
0,,,,,
0,,,,,
0,,,,,
0,,,,,
0,,,,,
0,,,,,
0,,,,,
0,,,,,
0,,,,,
0,,,,,
0,,,,,
0,,,,,
0,,,,,
0,,,,,
7,,,,,
0,,,,,
1,,,,,
0,,,,,
0,,,,,
1,,,,,
0,,,,,
4,,,,,
13,,,,,
6,,,,,
6,,,,,
7,,,,,
6,,,,,
18,,,,,
17,,,,,
9,,,,,
40,,,,,
10,,,,,
7,,,,,
3,,,,,
0,,,,,
1,,,,,
0,,,,,
0,,,,,
0,,,,,
0,,,,,
0,,,,,
0,,,,,
0,,,,,
0,,,,,
0,,,,,
0,,,,,
0,,,,,
0,,,,,
0,,,,,
0,,,,,
0,,,,,
0,,,,,
0,,,,,
0,,,,,
0,,,,,
0,,,,,
0,,,,,
0,,,,,
0,,,,,
0,,,,,
0,,,,,
0,,,,,
0,,,,,
0,,,,,
0,,,,,
0,,,,,
0,,,,,
0,,,,,
0,,,,,
0,,,,,
0,,,,,
0,,,,,
0,,,,,
0,,,,,
1,,,,,
0,,,,,
0,,,,,
0,,,,,
0,,,,,
0,,,,,
1,,,,,
0,,,,,
1,,,,,
9,,,,,
1,,,,,
8,,,,,
12,,,,,
2,,,,,
7,,,,,
14,,,,,
13,,,,,
7,,,,,
18,,,,,
17,,,,,
7,,,,,
6,,,,,
0,,,,,
0,,,,,
3,,,,,
0,,,,,
0,,,,,
0,,,,,
0,,,,,
0,,,,,
0,,,,,
0,,,,,
0,,,,,
0,,,,,
0,,,,,
0,,,,,
0,,,,,
0,,,,,
0,,,,,
0,,,,,
0,,,,,
0,,,,,
0,,,,,
0,,,,,
0,,,,,
0,,,,,
0,,,,,
0,,,,,
0,,,,,
0,,,,,
0,,,,,
0,,,,,
0,,,,,
0,,,,,
0,,,,,
0,,,,,
0,,,,,
0,,,,,
0,,,,,
0,,,,,
0,,,,,
0,,,,,
2,,,,,
0,,,,,
2,,,,,
1,,,,,
2,,,,,
0,,,,,
0,,,,,
0,,,,,
0,,,,,
1,,,,,
3,,,,,
12,,,,,
17,,,,,
9,,,,,
7,,,,,
6,,,,,
8,,,,,
13,,,,,
10,,,,,
19,,,,,
4,,,,,
1,,,,,
0,,,,,
0,,,,,
0,,,,,
0,,,,,
0,,,,,
0,,,,,
0,,,,,
0,,,,,
0,,,,,
0,,,,,
0,,,,,
0,,,,,
0,,,,,
0,,,,,
0,,,,,
0,,,,,
0,,,,,
0,,,,,
0,,,,,
0,,,,,
0,,,,,
0,,,,,
0,,,,,
1,,,,,
0,,,,,
0,,,,,
0,,,,,
0,,,,,
0,,,,,
0,,,,,
0,,,,,
0,,,,,
0,,,,,
0,,,,,
0,,,,,
0,,,,,
0,,,,,
0,,,,,
0,,,,,
0,,,,,
0,,,,,
5,,,,,
1,,,,,
1,,,,,
3,,,,,
1,,,,,
2,,,,,
2,,,,,
2,,,,,
0,,,,,
6,,,,,
10,,,,,
11,,,,,
7,,,,,
14,,,,,
12,,,,,
20,,,,,
9,,,,,
9,,,,,
15,,,,,
2,,,,,
1,,,,,
4,,,,,
0,,,,,
3,,,,,
0,,,,,
0,,,,,
0,,,,,
0,,,,,
0,,,,,
0,,,,,
0,,,,,
0,,,,,
0,,,,,
0,,,,,
0,,,,,
0,,,,,
0,,,,,
0,,,,,
0,,,,,
0,,,,,
0,,,,,
0,,,,,
0,,,,,
0,,,,,
0,,,,,
0,,,,,
0,,,,,
0,,,,,
0,,,,,
0,,,,,
0,,,,,
0,,,,,
0,,,,,
0,,,,,
0,,,,,
0,,,,,
0,,,,,
0,,,,,
0,,,,,
0,,,,,
1,,,,,
9,,,,,
0,,,,,
3,,,,,
4,,,,,
7,,,,,
3,,,,,
5,,,,,
4,,,,,
3,,,,,
1,,,,,
2,,,,,
3,,,,,
6,,,,,
7,,,,,
8,,,,,
13,,,,,
17,,,,,
6,,,,,
10,,,,,
16,,,,,
4,,,,,
2,,,,,
1,,,,,
1,,,,,
1,,,,,
0,,,,,
0,,,,,
0,,,,,
0,,,,,
0,,,,,
0,,,,,
0,,,,,
0,,,,,
0,,,,,
0,,,,,
0,,,,,
0,,,,,
0,,,,,
0,,,,,
0,,,,,
0,,,,,
0,,,,,
0,,,,,
0,,,,,
0,,,,,
0,,,,,
0,,,,,
0,,,,,
0,,,,,
0,,,,,
0,,,,,
0,,,,,
0,,,,,
0,,,,,
0,,,,,
0,,,,,
0,,,,,
0,,,,,
0,,,,,
0,,,,,
0,,,,,
0,,,,,
2,,,,,
0,,,,,
1,,,,,
1,,,,,
6,,,,,
6,,,,,
3,,,,,
0,,,,,
4,,,,,
0,,,,,
7,,,,,
13,,,,,
13,,,,,
15,,,,,
18,,,,,
9,,,,,
22,,,,,
13,,,,,
5,,,,,
5,,,,,
1,,,,,
3,,,,,
3,,,,,
0,,,,,
0,,,,,
0,,,,,
0,,,,,
0,,,,,
0,,,,,
0,,,,,
0,,,,,
0,,,,,
0,,,,,
0,,,,,
0,,,,,
0,,,,,
0,,,,,
0,,,,,
0,,,,,
0,,,,,
0,,,,,
0,,,,,
0,,,,,
0,,,,,
0,,,,,
0,,,,,
0,,,,,
0,,,,,
0,,,,,
0,,,,,
0,,,,,
0,,,,,
0,,,,,
0,,,,,
0,,,,,
1,,,,,
2,,,,,
0,,,,,
0,,,,,
0,,,,,
0,,,,,
0,,,,,
1,,,,,
1,,,,,
0,,,,,
0,,,,,
0,,,,,
1,,,,,
3,,,,,
1,,,,,
0,,,,,
1,,,,,
4,,,,,
2,,,,,
11,,,,,
13,,,,,
16,,,,,
21,,,,,
25,,,,,
4,,,,,
14,,,,,
1,,,,,
2,,,,,
0,,,,,
0,,,,,
0,,,,,
0,,,,,
0,,,,,
0,,,,,
0,,,,,
0,,,,,
0,,,,,
0,,,,,
0,,,,,
1,,,,,
0,,,,,
0,,,,,
0,,,,,
0,,,,,
0,,,,,
0,,,,,
0,,,,,
0,,,,,
0,,,,,
0,,,,,
0,,,,,
0,,,,,
0,,,,,
0,,,,,
0,,,,,
0,,,,,
0,,,,,
0,,,,,
0,,,,,
0,,,,,
0,,,,,
0,,,,,
1,,,,,
0,,,,,
5,,,,,
0,,,,,
1,,,,,
0,,,,,
0,,,,,
0,,,,,
0,,,,,
1,,,,,
0,,,,,
1,,,,,
0,,,,,
2,,,,,
0,,,,,
0,,,,,
1,,,,,
0,,,,,
0,,,,,
7,,,,,
16,,,,,
10,,,,,
6,,,,,
19,,,,,
1,,,,,
13,,,,,
3,,,,,
0,,,,,
1,,,,,
0,,,,,
0,,,,,
0,,,,,
0,,,,,
0,,,,,
0,,,,,
0,,,,,
0,,,,,
0,,,,,
0,,,,,
0,,,,,
0,,,,,
0,,,,,
0,,,,,
0,,,,,
0,,,,,
0,,,,,
0,,,,,
0,,,,,
0,,,,,
0,,,,,
0,,,,,
0,,,,,
0,,,,,
0,,,,,
0,,,,,
0,,,,,
0,,,,,
0,,,,,
0,,,,,
0,,,,,
0,,,,,
0,,,,,
0,,,,,
0,,,,,
0,,,,,
1,,,,,
6,,,,,
4,,,,,
2,,,,,
1,,,,,
1,,,,,
3,,,,,
7,,,,,
3,,,,,
0,,,,,
1,,,,,
0,,,,,
0,,,,,
0,,,,,
0,,,,,
0,,,,,
0,,,,,
6,,,,,
12,,,,,
14,,,,,
10,,,,,
24,,,,,
21,,,,,
0,,,,,
4,,,,,
3,,,,,
0,,,,,
0,,,,,
0,,,,,
1,,,,,
0,,,,,
0,,,,,
0,,,,,
0,,,,,
0,,,,,
0,,,,,
0,,,,,
0,,,,,
0,,,,,
0,,,,,
0,,,,,
0,,,,,
0,,,,,
0,,,,,
0,,,,,
0,,,,,
0,,,,,
0,,,,,
0,,,,,
0,,,,,
0,,,,,
0,,,,,
0,,,,,
0,,,,,
0,,,,,
0,,,,,
0,,,,,
0,,,,,
0,,,,,
0,,,,,
0,,,,,
1,,,,,
5,,,,,
4,,,,,
8,,,,,
2,,,,,
1,,,,,
1,,,,,
1,,,,,
3,,,,,
0,,,,,
4,,,,,
0,,,,,
0,,,,,
0,,,,,
0,,,,,
0,,,,,
0,,,,,
0,,,,,
1,,,,,
9,,,,,
18,,,,,
12,,,,,
6,,,,,
7,,,,,
1,,,,,
0,,,,,
0,,,,,
0,,,,,
0,,,,,
0,,,,,
0,,,,,
0,,,,,
0,,,,,
0,,,,,
0,,,,,
0,,,,,
0,,,,,
0,,,,,
0,,,,,
0,,,,,
0,,,,,
0,,,,,
0,,,,,
0,,,,,
0,,,,,
0,,,,,
0,,,,,
0,,,,,
0,,,,,
0,,,,,
0,,,,,
0,,,,,
0,,,,,
0,,,,,
0,,,,,
0,,,,,
0,,,,,
0,,,,,
0,,,,,
0,,,,,
1,,,,,
1,,,,,
3,,,,,
3,,,,,
2,,,,,
3,,,,,
2,,,,,
6,,,,,
2,,,,,
0,,,,,
0,,,,,
0,,,,,
0,,,,,
1,,,,,
0,,,,,
0,,,,,
0,,,,,
0,,,,,
0,,,,,
0,,,,,
2,,,,,
2,,,,,
24,,,,,
17,,,,,
7,,,,,
8,,,,,
6,,,,,
0,,,,,
0,,,,,
0,,,,,
0,,,,,
0,,,,,
2,,,,,
0,,,,,
0,,,,,
0,,,,,
0,,,,,
0,,,,,
0,,,,,
0,,,,,
0,,,,,
0,,,,,
0,,,,,
0,,,,,
0,,,,,
0,,,,,
0,,,,,
0,,,,,
0,,,,,
0,,,,,
0,,,,,
0,,,,,
0,,,,,
0,,,,,
0,,,,,
0,,,,,
0,,,,,
0,,,,,
0,,,,,
0,,,,,
0,,,,,
0,,,,,
3,,,,,
3,,,,,
2,,,,,
1,,,,,
0,,,,,
1,,,,,
3,,,,,
2,,,,,
0,,,,,
0,,,,,
0,,,,,
0,,,,,
0,,,,,
1,,,,,
0,,,,,
0,,,,,
0,,,,,
0,,,,,
1,,,,,
0,,,,,
4,,,,,
1,,,,,
6,,,,,
2,,,,,
30,,,,,
10,,,,,
2,,,,,
1,,,,,
0,,,,,
0,,,,,
0,,,,,
1,,,,,
2,,,,,
2,,,,,
1,,,,,
0,,,,,
0,,,,,
0,,,,,
0,,,,,
0,,,,,
0,,,,,
0,,,,,
0,,,,,
0,,,,,
0,,,,,
0,,,,,
0,,,,,
0,,,,,
0,,,,,
0,,,,,
0,,,,,
0,,,,,
0,,,,,
0,,,,,
0,,,,,
0,,,,,
0,,,,,
0,,,,,
0,,,,,
0,,,,,
0,,,,,
0,,,,,
0,,,,,
0,,,,,
0,,,,,
2,,,,,
3,,,,,
6,,,,,
0,,,,,
0,,,,,
0,,,,,
0,,,,,
0,,,,,
0,,,,,
0,,,,,
0,,,,,
0,,,,,
0,,,,,
0,,,,,
0,,,,,
0,,,,,
1,,,,,
0,,,,,
1,,,,,
4,,,,,
2,,,,,
5,,,,,
1,,,,,
6,,,,,
5,,,,,
0,,,,,
0,,,,,
0,,,,,
0,,,,,
0,,,,,
0,,,,,
0,,,,,
1,,,,,
0,,,,,
0,,,,,
0,,,,,
0,,,,,
0,,,,,
0,,,,,
0,,,,,
0,,,,,
0,,,,,
0,,,,,
0,,,,,
0,,,,,
0,,,,,
0,,,,,
0,,,,,
0,,,,,
0,,,,,
0,,,,,
0,,,,,
0,,,,,
0,,,,,
0,,,,,
0,,,,,
0,,,,,
1,,,,,
0,,,,,
0,,,,,
0,,,,,
0,,,,,
2,,,,,
0,,,,,
0,,,,,
0,,,,,
0,,,,,
2,,,,,
1,,,,,
0,,,,,
0,,,,,
0,,,,,
0,,,,,
0,,,,,
0,,,,,
0,,,,,
0,,,,,
0,,,,,
1,,,,,
0,,,,,
0,,,,,
3,,,,,
0,,,,,
2,,,,,
1,,,,,
0,,,,,
2,,,,,
1,,,,,
2,,,,,
0,,,,,
0,,,,,
0,,,,,
1,,,,,
0,,,,,
0,,,,,
0,,,,,
0,,,,,
1,,,,,
0,,,,,
0,,,,,
0,,,,,
0,,,,,
0,,,,,
0,,,,,
0,,,,,
0,,,,,
0,,,,,
0,,,,,
0,,,,,
0,,,,,
0,,,,,
0,,,,,
0,,,,,
0,,,,,
0,,,,,
0,,,,,
0,,,,,
0,,,,,
0,,,,,
0,,,,,
0,,,,,
7,,,,,
6,,,,,
10,,,,,
1,,,,,
0,,,,,
0,,,,,
1,,,,,
8,,,,,
7,,,,,
0,,,,,
0,,,,,
0,,,,,
1,,,,,
0,,,,,
0,,,,,
0,,,,,
0,,,,,
0,,,,,
0,,,,,
0,,,,,
0,,,,,
0,,,,,
0,,,,,
0,,,,,
0,,,,,
0,,,,,
0,,,,,
0,,,,,
0,,,,,
2,,,,,
1,,,,,
0,,,,,
1,,,,,
3,,,,,
2,,,,,
4,,,,,
2,,,,,
0,,,,,
0,,,,,
0,,,,,
0,,,,,
0,,,,,
0,,,,,
0,,,,,
0,,,,,
0,,,,,
0,,,,,
0,,,,,
0,,,,,
0,,,,,
0,,,,,
0,,,,,
0,,,,,
0,,,,,
0,,,,,
0,,,,,
0,,,,,
0,,,,,
0,,,,,
0,,,,,
0,,,,,
0,,,,,
4,,,,,
1,,,,,
4,,,,,
4,,,,,
2,,,,,
0,,,,,
0,,,,,
1,,,,,
0,,,,,
1,,,,,
0,,,,,
0,,,,,
0,,,,,
0,,,,,
0,,,,,
0,,,,,
0,,,,,
0,,,,,
0,,,,,
0,,,,,
0,,,,,
0,,,,,
0,,,,,
0,,,,,
0,,,,,
0,,,,,
0,,,,,
0,,,,,
0,,,,,
0,,,,,
1,,,,,
0,,,,,
3,,,,,
11,,,,,
6,,,,,
18,,,,,
2,,,,,
1,,,,,
0,,,,,
0,,,,,
0,,,,,
0,,,,,
0,,,,,
0,,,,,
0,,,,,
0,,,,,
0,,,,,
1,,,,,
0,,,,,
0,,,,,
0,,,,,
0,,,,,
0,,,,,
0,,,,,
0,,,,,
0,,,,,
0,,,,,
0,,,,,
0,,,,,
1,,,,,
0,,,,,
0,,,,,
1,,,,,
3,,,,,
1,,,,,
0,,,,,
0,,,,,
0,,,,,
0,,,,,
1,,,,,
2,,,,,
0,,,,,
0,,,,,
0,,,,,
0,,,,,
0,,,,,
0,,,,,
0,,,,,
0,,,,,
0,,,,,
0,,,,,
0,,,,,
0,,,,,
0,,,,,
0,,,,,
0,,,,,
0,,,,,
0,,,,,
0,,,,,
0,,,,,
0,,,,,
0,,,,,
0,,,,,
0,,,,,
1,,,,,
6,,,,,
6,,,,,
8,,,,,
4,,,,,
4,,,,,
0,,,,,
0,,,,,
0,,,,,
0,,,,,
0,,,,,
0,,,,,
0,,,,,
0,,,,,
0,,,,,
0,,,,,
0,,,,,
0,,,,,
0,,,,,
0,,,,,
0,,,,,
0,,,,,
0,,,,,
0,,,,,
0,,,,,
0,,,,,
0,,,,,
0,,,,,
0,,,,,
2,,,,,
0,,,,,
0,,,,,
0,,,,,
4,,,,,
0,,,,,
0,,,,,
0,,,,,
3,,,,,
2,,,,,
5,,,,,
1,,,,,
0,,,,,
0,,,,,
0,,,,,
0,,,,,
0,,,,,
0,,,,,
0,,,,,
0,,,,,
0,,,,,
0,,,,,
0,,,,,
0,,,,,
0,,,,,
0,,,,,
0,,,,,
0,,,,,
0,,,,,
0,,,,,
0,,,,,
0,,,,,
0,,,,,
0,,,,,
0,,,,,
6,,,,,
1,,,,,
9,,,,,
1,,,,,
0,,,,,
1,,,,,
2,,,,,
0,,,,,
0,,,,,
0,,,,,
0,,,,,
0,,,,,
0,,,,,
0,,,,,
1,,,,,
0,,,,,
0,,,,,
0,,,,,
0,,,,,
0,,,,,
0,,,,,
0,,,,,
0,,,,,
0,,,,,
0,,,,,
0,,,,,
0,,,,,
0,,,,,
0,,,,,
0,,,,,
2,,,,,
0,,,,,
0,,,,,
1,,,,,
0,,,,,
0,,,,,
0,,,,,
1,,,,,
0,,,,,
0,,,,,
1,,,,,
0,,,,,
0,,,,,
0,,,,,
0,,,,,
0,,,,,
0,,,,,
0,,,,,
1,,,,,
0,,,,,
0,,,,,
0,,,,,
0,,,,,
0,,,,,
0,,,,,
0,,,,,
0,,,,,
0,,,,,
0,,,,,
0,,,,,
0,,,,,
1,,,,,
2,,,,,
0,,,,,
4,,,,,
1,,,,,
0,,,,,
0,,,,,
1,,,,,
0,,,,,
0,,,,,
0,,,,,
0,,,,,
0,,,,,
0,,,,,
0,,,,,
0,,,,,
0,,,,,
0,,,,,
0,,,,,
0,,,,,
0,,,,,
0,,,,,
0,,,,,
0,,,,,
0,,,,,
0,,,,,
0,,,,,
1,,,,,
1,,,,,
0,,,,,
0,,,,,
2,,,,,
1,,,,,
2,,,,,
7,,,,,
0,,,,,
0,,,,,
2,,,,,
1,,,,,
0,,,,,
0,,,,,
0,,,,,
0,,,,,
0,,,,,
0,,,,,
0,,,,,
0,,,,,
0,,,,,
0,,,,,
0,,,,,
0,,,,,
0,,,,,
0,,,,,
0,,,,,
0,,,,,
0,,,,,
0,,,,,
0,,,,,
0,,,,,
0,,,,,
0,,,,,
0,,,,,
2,,,,,
2,,,,,
2,,,,,
0,,,,,
0,,,,,
0,,,,,
0,,,,,
0,,,,,
0,,,,,
0,,,,,
0,,,,,
0,,,,,
0,,,,,
0,,,,,
0,,,,,
0,,,,,
0,,,,,
0,,,,,
0,,,,,
0,,,,,
0,,,,,
0,,,,,
0,,,,,
0,,,,,
0,,,,,
0,,,,,
2,,,,,
0,,,,,
4,,,,,
6,,,,,
0,,,,,
0,,,,,
1,,,,,
1,,,,,
0,,,,,
0,,,,,
1,,,,,
0,,,,,
4,,,,,
0,,,,,
0,,,,,
0,,,,,
0,,,,,
0,,,,,
0,,,,,
0,,,,,
0,,,,,
0,,,,,
0,,,,,
0,,,,,
0,,,,,
0,,,,,
0,,,,,
0,,,,,
0,,,,,
0,,,,,
0,,,,,
0,,,,,
0,,,,,
0,,,,,
0,,,,,
1,,,,,
0,,,,,
0,,,,,
0,,,,,
0,,,,,
3,,,,,
0,,,,,
0,,,,,
0,,,,,
0,,,,,
0,,,,,
0,,,,,
0,,,,,
0,,,,,
0,,,,,
0,,,,,
0,,,,,
0,,,,,
0,,,,,
0,,,,,
0,,,,,
0,,,,,
0,,,,,
0,,,,,
0,,,,,
0,,,,,
0,,,,,
0,,,,,
0,,,,,
0,,,,,
0,,,,,
0,,,,,
3,,,,,
2,,,,,
0,,,,,
0,,,,,
0,,,,,
0,,,,,
1,,,,,
0,,,,,
0,,,,,
0,,,,,
0,,,,,
0,,,,,
0,,,,,
0,,,,,
0,,,,,
0,,,,,
1,,,,,
0,,,,,
0,,,,,
0,,,,,
0,,,,,
0,,,,,
0,,,,,
0,,,,,
0,,,,,
0,,,,,
0,,,,,
0,,,,,
0,,,,,
0,,,,,
0,,,,,
0,,,,,
0,,,,,
0,,,,,
0,,,,,
0,,,,,
0,,,,,
0,,,,,
0,,,,,
0,,,,,
0,,,,,
1,,,,,
0,,,,,
0,,,,,
0,,,,,
0,,,,,
0,,,,,
0,,,,,
0,,,,,
0,,,,,
0,,,,,
0,,,,,
0,,,,,
0,,,,,
0,,,,,
0,,,,,
0,,,,,
0,,,,,
0,,,,,
0,,,,,
0,,,,,
0,,,,,
3,,,,,
0,,,,,
0,,,,,
1,,,,,
12,,,,,
0,,,,,
0,,,,,
0,,,,,
2,,,,,
0,,,,,
0,,,,,
0,,,,,
0,,,,,
0,,,,,
0,,,,,
0,,,,,
0,,,,,
0,,,,,
0,,,,,
0,,,,,
0,,,,,
0,,,,,
0,,,,,
0,,,,,
0,,,,,
0,,,,,
0,,,,,
0,,,,,
0,,,,,
0,,,,,
0,,,,,
0,,,,,
0,,,,,
0,,,,,
0,,,,,
0,,,,,
0,,,,,
0,,,,,
0,,,,,
0,,,,,
0,,,,,
0,,,,,
0,,,,,
0,,,,,
0,,,,,
0,,,,,
0,,,,,
0,,,,,
0,,,,,
0,,,,,
0,,,,,
0,,,,,
0,,,,,
0,,,,,
0,,,,,
0,,,,,
0,,,,,
0,,,,,
0,,,,,
1,,,,,
0,,,,,
1,,,,,
0,,,,,
0,,,,,
0,,,,,
2,,,,,
9,,,,,
0,,,,,
0,,,,,
0,,,,,
0,,,,,
1,,,,,
0,,,,,
0,,,,,
0,,,,,
0,,,,,
0,,,,,
0,,,,,
0,,,,,
0,,,,,
0,,,,,
0,,,,,
0,,,,,
0,,,,,
0,,,,,
0,,,,,
0,,,,,
0,,,,,
0,,,,,
0,,,,,
0,,,,,
0,,,,,
0,,,,,
0,,,,,
0,,,,,
0,,,,,
0,,,,,
0,,,,,
0,,,,,
0,,,,,
0,,,,,
0,,,,,
0,,,,,
0,,,,,
0,,,,,
0,,,,,
0,,,,,
0,,,,,
0,,,,,
0,,,,,
0,,,,,
0,,,,,
0,,,,,
0,,,,,
0,,,,,
0,,,,,
0,,,,,
0,,,,,
0,,,,,
0,,,,,
0,,,,,
13,,,,,
1,,,,,
0,,,,,
0,,,,,
2,,,,,
1,,,,,
22,,,,,
0,,,,,
5,,,,,
0,,,,,
0,,,,,
0,,,,,
0,,,,,
0,,,,,
0,,,,,
0,,,,,
0,,,,,
0,,,,,
0,,,,,
0,,,,,
0,,,,,
0,,,,,
0,,,,,
0,,,,,
0,,,,,
0,,,,,
0,,,,,
0,,,,,
0,,,,,
0,,,,,
0,,,,,
0,,,,,
0,,,,,
0,,,,,
0,,,,,
0,,,,,
0,,,,,
0,,,,,
0,,,,,
0,,,,,
0,,,,,
0,,,,,
0,,,,,
0,,,,,
0,,,,,
0,,,,,
0,,,,,
0,,,,,
0,,,,,
0,,,,,
0,,,,,
0,,,,,
0,,,,,
0,,,,,
0,,,,,
0,,,,,
0,,,,,
0,,,,,
0,,,,,
0,,,,,
0,,,,,
0,,,,,
2,,,,,
0,,,,,
1,,,,,
4,,,,,
1,,,,,
7,,,,,
8,,,,,
1,,,,,
1,,,,,
1,,,,,
0,,,,,
0,,,,,
0,,,,,
0,,,,,
0,,,,,
0,,,,,
2,,,,,
0,,,,,
0,,,,,
0,,,,,
0,,,,,
0,,,,,
0,,,,,
0,,,,,
0,,,,,
0,,,,,
0,,,,,
0,,,,,
0,,,,,
0,,,,,
0,,,,,
0,,,,,
0,,,,,
0,,,,,
0,,,,,
0,,,,,
0,,,,,
0,,,,,
0,,,,,
0,,,,,
0,,,,,
0,,,,,
0,,,,,
0,,,,,
0,,,,,
0,,,,,
0,,,,,
0,,,,,
0,,,,,
0,,,,,
0,,,,,
0,,,,,
0,,,,,
0,,,,,
0,,,,,
0,,,,,
0,,,,,
0,,,,,
0,,,,,
0,,,,,
0,,,,,
0,,,,,
1,,,,,
1,,,,,
4,,,,,
7,,,,,
2,,,,,
8,,,,,
1,,,,,
1,,,,,
5,,,,,
0,,,,,
0,,,,,
0,,,,,
1,,,,,
0,,,,,
0,,,,,
0,,,,,
0,,,,,
0,,,,,
0,,,,,
0,,,,,
0,,,,,
0,,,,,
0,,,,,
0,,,,,
0,,,,,
0,,,,,
0,,,,,
0,,,,,
0,,,,,
0,,,,,
0,,,,,
0,,,,,
0,,,,,
0,,,,,
0,,,,,
0,,,,,
0,,,,,
0,,,,,
0,,,,,
0,,,,,
0,,,,,
0,,,,,
0,,,,,
0,,,,,
0,,,,,
0,,,,,
0,,,,,
0,,,,,
0,,,,,
0,,,,,
0,,,,,
0,,,,,
0,,,,,
0,,,,,
0,,,,,
0,,,,,
0,,,,,
0,,,,,
0,,,,,
0,,,,,
0,,,,,
0,,,,,
0,,,,,
1,,,,,
1,,,,,
1,,,,,
1,,,,,
9,,,,,
0,,,,,
7,,,,,
2,,,,,
1,,,,,
0,,,,,
6,,,,,
2,,,,,
0,,,,,
0,,,,,
0,,,,,
0,,,,,
0,,,,,
0,,,,,
0,,,,,
0,,,,,
0,,,,,
0,,,,,
0,,,,,
0,,,,,
0,,,,,
0,,,,,
0,,,,,
0,,,,,
0,,,,,
0,,,,,
0,,,,,
0,,,,,
0,,,,,
0,,,,,
0,,,,,
0,,,,,
0,,,,,
0,,,,,
0,,,,,
0,,,,,
0,,,,,
0,,,,,
0,,,,,
0,,,,,
0,,,,,
0,,,,,
0,,,,,
0,,,,,
0,,,,,
0,,,,,
0,,,,,
0,,,,,
0,,,,,
0,,,,,
0,,,,,
0,,,,,
0,,,,,
0,,,,,
0,,,,,
0,,,,,
0,,,,,
0,,,,,
0,,,,,
2,,,,,
8,,,,,
4,,,,,
1,,,,,
0,,,,,
0,,,,,
0,,,,,
4,,,,,
0,,,,,
2,,,,,
1,,,,,
0,,,,,
0,,,,,
0,,,,,
0,,,,,
0,,,,,
0,,,,,
0,,,,,
0,,,,,
0,,,,,
0,,,,,
0,,,,,
0,,,,,
0,,,,,
0,,,,,
0,,,,,
0,,,,,
0,,,,,
0,,,,,
0,,,,,
0,,,,,
0,,,,,
0,,,,,
0,,,,,
0,,,,,
0,,,,,
0,,,,,
0,,,,,
0,,,,,
0,,,,,
0,,,,,
0,,,,,
0,,,,,
0,,,,,
0,,,,,
0,,,,,
0,,,,,
0,,,,,
0,,,,,
0,,,,,
0,,,,,
0,,,,,
0,,,,,
0,,,,,
0,,,,,
0,,,,,
0,,,,,
0,,,,,
0,,,,,
0,,,,,
0,,,,,
0,,,,,
1,,,,,
1,,,,,
2,,,,,
0,,,,,
0,,,,,
0,,,,,
1,,,,,
0,,,,,
2,,,,,
1,,,,,
0,,,,,
0,,,,,
0,,,,,
0,,,,,
0,,,,,
0,,,,,
0,,,,,
0,,,,,
0,,,,,
0,,,,,
0,,,,,
0,,,,,
0,,,,,
0,,,,,
0,,,,,
0,,,,,
0,,,,,
0,,,,,
0,,,,,
0,,,,,
0,,,,,
0,,,,,
0,,,,,
0,,,,,
0,,,,,
0,,,,,
0,,,,,
0,,,,,
0,,,,,
0,,,,,
0,,,,,
0,,,,,
0,,,,,
0,,,,,
0,,,,,
0,,,,,
0,,,,,
0,,,,,
0,,,,,
0,,,,,
0,,,,,
0,,,,,
0,,,,,
0,,,,,
0,,,,,
0,,,,,
0,,,,,
0,,,,,
0,,,,,
0,,,,,
0,,,,,
0,,,,,
0,,,,,
0,,,,,
0,,,,,
0,,,,,
0,,,,,
0,,,,,
0,,,,,
0,,,,,
1,,,,,
0,,,,,
0,,,,,
0,,,,,
0,,,,,
0,,,,,
0,,,,,
0,,,,,
0,,,,,
0,,,,,
0,,,,,
0,,,,,
0,,,,,
0,,,,,
0,,,,,
0,,,,,
0,,,,,
0,,,,,
0,,,,,
0,,,,,
0,,,,,
0,,,,,
0,,,,,
0,,,,,
0,,,,,
0,,,,,
0,,,,,
0,,,,,
0,,,,,
0,,,,,
0,,,,,
0,,,,,
0,,,,,
0,,,,,
0,,,,,
0,,,,,
0,,,,,
0,,,,,
0,,,,,
0,,,,,
0,,,,,
0,,,,,
0,,,,,
0,,,,,
0,,,,,
0,,,,,
0,,,,,
0,,,,,
0,,,,,
0,,,,,
0,,,,,
0,,,,,
1,,,,,
0,,,,,
0,,,,,
0,,,,,
0,,,,,
0,,,,,
0,,,,,
0,,,,,
0,,,,,
0,,,,,
0,,,,,
0,,,,,
0,,,,,
0,,,,,
0,,,,,
0,,,,,
0,,,,,
0,,,,,
0,,,,,
0,,,,,
0,,,,,
0,,,,,
0,,,,,
0,,,,,
0,,,,,
0,,,,,
0,,,,,
0,,,,,
0,,,,,
0,,,,,
0,,,,,
0,,,,,
0,,,,,
0,,,,,
0,,,,,
0,,,,,
0,,,,,
0,,,,,
0,,,,,
0,,,,,
0,,,,,
0,,,,,
0,,,,,
0,,,,,
0,,,,,
0,,,,,
0,,,,,
0,,,,,
0,,,,,
0,,,,,
0,,,,,
0,,,,,
0,,,,,
0,,,,,
0,,,,,
0,,,,,
0,,,,,
0,,,,,
0,,,,,
0,,,,,
0,,,,,
0,,,,,
1,,,,,
0,,,,,
0,,,,,
0,,,,,
0,,,,,
0,,,,,
0,,,,,
0,,,,,
0,,,,,
0,,,,,
0,,,,,
1,,,,,
0,,,,,
0,,,,,
0,,,,,
0,,,,,
0,,,,,
0,,,,,
0,,,,,
0,,,,,
0,,,,,
0,,,,,
0,,,,,
0,,,,,
0,,,,,
0,,,,,
0,,,,,
0,,,,,
0,,,,,
0,,,,,
0,,,,,
0,,,,,
0,,,,,
0,,,,,
0,,,,,
0,,,,,
0,,,,,
0,,,,,
0,,,,,
0,,,,,
0,,,,,
0,,,,,
0,,,,,
0,,,,,
0,,,,,
0,,,,,
0,,,,,
0,,,,,
0,,,,,
0,,,,,
0,,,,,
0,,,,,
0,,,,,
0,,,,,
0,,,,,
0,,,,,
0,,,,,
0,,,,,
0,,,,,
0,,,,,
0,,,,,
0,,,,,
0,,,,,
0,,,,,
0,,,,,
2,,,,,
2,,,,,
0,,,,,
0,,,,,
0,,,,,
0,,,,,
0,,,,,
0,,,,,
0,,,,,
0,,,,,
1,,,,,
0,,,,,
0,,,,,
0,,,,,
0,,,,,
0,,,,,
0,,,,,
0,,,,,
0,,,,,
0,,,,,
0,,,,,
0,,,,,
0,,,,,
0,,,,,
0,,,,,
0,,,,,
0,,,,,
0,,,,,
0,,,,,
0,,,,,
0,,,,,
0,,,,,
0,,,,,
0,,,,,
0,,,,,
0,,,,,
0,,,,,
0,,,,,
0,,,,,
0,,,,,
0,,,,,
0,,,,,
0,,,,,
0,,,,,
0,,,,,
0,,,,,
0,,,,,
0,,,,,
0,,,,,
0,,,,,
0,,,,,
0,,,,,
0,,,,,
0,,,,,
0,,,,,
0,,,,,
0,,,,,
0,,,,,
0,,,,,
0,,,,,
0,,,,,
0,,,,,
0,,,,,
0,,,,,
0,,,,,
0,,,,,
0,,,,,
0,,,,,
0,,,,,
0,,,,,
0,,,,,
0,,,,,
0,,,,,
0,,,,,
0,,,,,
0,,,,,
0,,,,,
0,,,,,
0,,,,,
0,,,,,
0,,,,,
0,,,,,
0,,,,,
0,,,,,
0,,,,,
0,,,,,
0,,,,,
0,,,,,
0,,,,,
0,,,,,
0,,,,,
0,,,,,
0,,,,,
0,,,,,
0,,,,,
0,,,,,
0,,,,,
0,,,,,
0,,,,,
0,,,,,
0,,,,,
0,,,,,
0,,,,,
0,,,,,
0,,,,,
0,,,,,
0,,,,,
0,,,,,
0,,,,,
0,,,,,
0,,,,,
